count,confidence_lower,confidence_upper,mean,std,min,25%,50%,75%,max,lower_boundary,upper_boundary,IQR,lower_whiskers,upper_whiskers,real_mean,real_std,lower_real,upper_real,macro,macro_mean,macro_std,macro_lower_bound,macro_upper_bound,curr_features,new_var,count_vars,best_in_iter
1000.0,47.49549320451194,48.67101090898876,48.07658145846547,0.3081940250462087,47.03341219498585,47.867087249739036,48.08642495535504,48.28181474448054,48.93774014411436,47.47252116937489,48.68064174755604,0.4147274947414914,47.24499600762681,48.90390598659278,48.077146481340144,0.3062789249867293,47.47683978836615,48.67745317431414,[48.06519562634413],48.065195626344135,1.0,46.105195626344134,50.025195626344136,"['mul_user_content_ema_answ', 'rel_content_part_mean_answ', 'abs_chng_timestamp', 'kmean_cluster']",kmean_cluster,4,1
1000.0,47.47008677539593,48.665879105875426,48.067686142119356,0.3103214608535195,47.104896407961405,47.8675231027861,48.06793866926729,48.279120943575506,49.075175792963144,47.459456078846465,48.675916205392255,0.4115978407894261,47.25012634160196,48.896517704759646,48.06785551290642,0.3074378475891336,47.465277331631725,48.670433694181135,[48.05015380042023],48.050153800420226,1.0,46.090153800420225,50.01015380042025,"['mul_user_content_ema_answ', 'rel_content_part_mean_answ', 'abs_chng_timestamp', 'part']",part,4,0
1000.0,47.45624784313832,48.58353285642438,48.03101198293544,0.29182999045488184,46.9645253182466,47.84496963856107,48.04102169965536,48.227155405121096,49.021145838714865,47.45902520164387,48.60299876422701,0.3821857665600277,47.271690988721026,48.80043405496114,48.03129498482295,0.2889259484313049,47.465000125897596,48.59758984374831,[48.018881553460744],48.018881553460744,1.0,46.05888155346074,49.97888155346074,"['mul_user_content_ema_answ', 'rel_content_part_mean_answ', 'abs_chng_timestamp', 'prior_question_elapsed_time']",prior_question_elapsed_time,4,0
