count,confidence_lower,confidence_upper,mean,std,min,25%,50%,75%,max,lower_boundary,upper_boundary,IQR,lower_whiskers,upper_whiskers,real_mean,real_std,lower_real,upper_real,macro,macro_mean,macro_std,macro_lower_bound,macro_upper_bound,curr_features,new_var,count_vars,best_in_iter
1000.0,43.705935437120516,44.910302944864085,44.318357966679024,0.3085486579976525,43.36412545261079,44.118325647118255,44.32113772477033,44.53132358978175,45.236277369053134,43.71360259700362,44.923113336354426,0.41299794266349465,43.49882873312301,45.15082050377699,44.31844127466763,0.30711225839677747,43.716501248209944,44.92038130112531,[44.31316882179992],44.31316882179992,1.0,42.35316882179992,46.27316882179992,['mul_user_content_ema_answ'],mul_user_content_ema_answ,1,1
