count,confidence_lower,confidence_upper,mean,std,min,25%,50%,75%,max,lower_boundary,upper_boundary,IQR,lower_whiskers,upper_whiskers,real_mean,real_std,lower_real,upper_real,macro,macro_mean,macro_std,macro_lower_bound,macro_upper_bound,curr_features,new_var,count_vars,best_in_iter
1000.0,10.881537574767242,12.114212546081447,11.516512847985814,0.3190727507304082,10.357647715564756,11.318128986721632,11.518559627975053,11.734611973937636,12.682517044849416,10.891130256554213,12.141895439417414,0.4164829872160052,10.693404505897623,12.359336454761644,11.516615454271937,0.3142160611979013,10.90075197432405,12.132478934219826,[11.520984783282472],11.520984783282474,1.0,9.560984783282473,13.480984783282473,['part'],part,1,1
