count,confidence_lower,confidence_upper,mean,std,min,25%,50%,75%,max,lower_boundary,upper_boundary,IQR,lower_whiskers,upper_whiskers,real_mean,real_std,lower_real,upper_real,macro,macro_mean,macro_std,macro_lower_bound,macro_upper_bound,curr_features,new_var,count_vars
1000.0,11.979567135829905,13.373197371256818,12.666966726677597,0.3458754311786995,11.75838666662765,12.443105109231295,12.669094325502861,12.889712711713212,13.994262228972044,11.989050881567346,13.344882571787847,0.446607602481917,11.773193705508419,13.559624115436087,12.665986105448413,0.3427352042859949,11.994225105047862,13.337747105848964,[12.674942164655922],12.674942164655922,1.0,10.714942164655923,14.634942164655921,['abs_chng_timestamp'],abs_chng_timestamp,1
1000.0,15.242621432160997,16.61710195545627,15.965462265654153,0.3500759351083362,14.82538730987828,15.72311007903493,15.985453464097477,16.191859698267287,16.904804082614298,15.279313432841814,16.651611098466493,0.4687496192323568,15.019985650186396,16.894984127115823,15.96592124049809,0.34869459973848566,15.28247982501066,16.649362655985524,[15.965741635986674],15.965741635986674,1.0,14.005741635986674,17.925741635986675,['content_cl_count_answered_correctly'],content_cl_count_answered_correctly,1
1000.0,15.256609336625115,16.600185575800786,15.935049552673204,0.3398079190710992,14.846818340538071,15.712783678758608,15.934979538335991,16.16889414061928,17.198543001330545,15.26902603129385,16.601073074052557,0.4561104618606713,15.028617985967601,16.853059833410285,15.935273275524917,0.3363209070920362,15.276084297624527,16.59446225342531,[15.954295034438815],15.954295034438815,1.0,13.994295034438814,17.914295034438815,['content_cl_mean_answered_correctly'],content_cl_mean_answered_correctly,1
1000.0,15.31042447677724,16.645699668902523,15.981995175537945,0.3510973492749931,14.762806817000929,15.73820095299943,15.983432765280536,16.210123293863166,17.181692697042884,15.293844370958958,16.67014598011693,0.4719223408637365,15.030317441703826,16.91800680515877,15.98208905439431,0.34807760180421665,15.299856954858045,16.664321153930576,[15.973468025972458],15.973468025972458,1.0,14.013468025972458,17.93346802597246,['content_cl_sum_answered_correctly'],content_cl_sum_answered_correctly,1
