count,confidence_lower,confidence_upper,mean,std,min,25%,50%,75%,max,lower_boundary,upper_boundary,IQR,lower_whiskers,upper_whiskers,real_mean,real_std,lower_real,upper_real,macro,macro_mean,macro_std,macro_lower_bound,macro_upper_bound,curr_features,new_var,count_vars
1000.0,11.995820882211472,13.334221579337612,12.662556284099084,0.3449954694599413,11.583100473061126,12.425539980420202,12.651375544384347,12.893459769323739,13.820962317921248,11.986365163957599,13.33874740424057,0.46791978890353647,11.723660297064898,13.595339452679044,12.662340438243168,0.34325670640247763,11.989557293694313,13.335123582792024,[12.674942164655922],12.674942164655922,1.0,10.714942164655923,14.634942164655921,['abs_chng_timestamp'],abs_chng_timestamp,1
